nom_vendeur;temp_pub;description;marque;prix
Promorent Auto;il y a 1 heure;Voitures d'occasion dans Casablanca, Bourgogne;Seat Arona Essence Automatique 2023 à Casablanca;Prix non spécifié
GAOU CAR;il y a 1 heure;Location de voitures dans Casablanca, Mers Sultan;Renault clio 5 ;Prix non spécifié
Mini Prix 1971;il y a 1 heure;Voitures d'occasion dans Casablanca, Anfa;Peugeot 306 essence 2002;37,000 DH
Ziko;il y a 1 heure;Voitures d'occasion dans Casablanca, Oulfa;Tiguan Allspace 7 places;360,000 DH
NJ AUTO;il y a 1 heure;Voitures d'occasion dans Casablanca, 2 Mars;fait fiorino diesel neuf ;112,000 DH
auto Ghali;il y a 1 heure;Voitures d'occasion dans Casablanca, Aïn Chock;Land Rover Range Rover Sport Diesel Automatique;Prix non spécifié
Oujda 48;il y a 1 heure;Voitures d'occasion dans Oujda, Hay El Qods;Mercedes-Benz C220 Pack Amg;Prix non spécifié
Simo;il y a 1 heure;Voitures d'occasion dans Béni Mellal, Toute la ville;Mercedes-Benz Classe CLA 220d Amg ;Prix non spécifié
EYAD BEN;il y a 1 heure;Voitures d'occasion dans Casablanca, 2 Mars;Alfa Romeo Giulietta Diesel Manuelle 2012;103,000 DH
Adil;il y a 1 heure;Voitures d'occasion dans Casablanca, Bourgogne;Volkswagen Touareg Diesel Automatique 2017;180,000 DH
Oujda 48;il y a 1 heure;Voitures d'occasion dans Oujda, Centre Ville;Volkswagen Golf 8 Diesel Automatique 2022 à Oujda;Prix non spécifié
Issam ;il y a 1 heure;Voitures d'occasion dans Kénitra, Centre;Renault Clio Diesel Automatique 2019 à Kénitra;116,000 DH
Oussama Dakouan;il y a 1 heure;Voitures d'occasion dans Casablanca, Aïn Chock;Nissan Tiida Essence Manuelle 2008 à Casablanca;54,000 DH
amina;il y a 1 heure;Voitures d'occasion dans Salé, Toute la ville;grand fit punto;69,000 DH
Auto Motor.ma;il y a 1 heure;Voitures d'occasion dans Tanger, Mesnana;VW TIGUAN Rline;Prix non spécifié
AUTO DOUBLE VOIE ;il y a 1 heure;Voitures d'occasion dans Kénitra, Al Maghrib Al Arabi;Hyundai Santa fe panoramique ;182,000 DH
Oujda 48;il y a 1 heure;Voitures d'occasion dans Oujda, Hay El Qods;Volkswagen Tiguan R-Line 0 km 2024 Diesel ;Prix non spécifié
LAVAGE AUTO SAAD;il y a 1 heure;Voitures d'occasion dans Casablanca, 2 Mars;Renault Megane 3 1.9l 2010 à Casablanca;87,000 DH
auto Ghali;il y a 1 heure;Voitures d'occasion dans Casablanca, Aïn Chock;Land Rover Range Rover Sport Diesel Automatique;Prix non spécifié
al akhawayn Auto;il y a 1 heure;Voitures d'occasion dans Al Hoceima, Toute la ville;touran 2009 ;123,000 DH
Issam ;il y a 1 heure;Voitures d'occasion dans Kénitra, Centre;Dacia Duster Diesel Automatique 2019 à Kénitra;160,000 DH
Promorent Auto;il y a 1 heure;Voitures d'occasion dans Casablanca;BMW Série 3.40I Xdrive Pack M;Prix non spécifié
al akhawayn Auto;il y a 1 heure;Voitures d'occasion dans Al Hoceima, Toute la ville;golf 7;187,000 DH
SAÎD AUTO;il y a 1 heure;Voitures d'occasion dans Casablanca, Oulfa;Fiat 500 Diesel Manuelle 2017 à Casablanca;Prix non spécifié
Haj;il y a 1 heure;Voitures d'occasion dans Casablanca, Californie;Land Rover Range Rover Vogue Diesel Automatique;245,000 DH
Oujda 48;il y a 1 heure;Voitures d'occasion dans Oujda, Centre Ville;Volkswagen Tiguan Diesel Automatique 2021;Prix non spécifié
Autostar masters;il y a 1 heure;Voitures d'occasion dans Marrakech, Guéliz;Jeep Renegade Diesel Automatique 2021 à Marrakech;Prix non spécifié
auto confort 44;il y a 1 heure;Voitures d'occasion dans Tétouan, Safir;Peugeot Rifter Diesel Manuelle 2020 à Tétouan;185,000 DH
Mohamed;il y a 1 heure;Voitures d'occasion dans Tétouan, Autre secteur;Mercedes-Benz Classe C Diesel Automatique 2019;445,000 DH
auto confort 44;il y a 1 heure;Voitures d'occasion dans Tétouan, Safir;Renault Clio Diesel Manuelle 2020 à Tétouan;1 DH
Autostar masters;il y a 1 heure;Voitures d'occasion dans Marrakech, Guéliz;Land Rover Range Rover Evoque Diesel Automatique;Prix non spécifié
Ste.RH;il y a 1 heure;Voitures d'occasion dans Casablanca, Autre secteur;Renault Fluence Intense Diesel WW;115,000 DH
ahmad ;il y a 1 heure;Voitures d'occasion dans El Jadida, Centre;volkswagen golf 5 2007;83,000 DH
FROZEN carosserie frigorifique;il y a 1 heure;Voitures d'occasion dans Casablanca, Oulfa;Renault Kangoo frigorifique avec la facture;128,000 DH
km sport;il y a 1 heure;Voitures d'occasion dans Tétouan, Safir;Audi Rs Q3 Slaine 2022 Importe ;820,000 DH
